{"_runtime":2031.470912523,"val_bpb":1.504161777589746,"final_val_loss":2.539714154684155,"step_avg_ms":610.0522711163268,"final_val_bpb":1.504161777589746,"lr_scale":0.01984064416043653,"total_steps":1968,"final_val_bpb_ttt":1.47071167406305,"val_loss":2.539714154684155,"_step":1968,"_timestamp":1.7742789141173642e+09,"compressed_size_mb":2.57,"final_val_bpb_int8":1.5080468007939039,"avg_ms_per_step":610.09,"_wandb":{"runtime":2031},"train_loss":2.486844539642334}