{"_wandb":{"runtime":235},"_step":270,"val_bpb":4.110501753956338,"train_loss":3.245433807373047,"lr_scale":1,"_runtime":235.003550749,"val_loss":6.94041002963465,"_timestamp":1.7740661824251313e+09,"step_avg_ms":487.8325841259168}