{"_runtime":4068.883486703,"_wandb":{"runtime":4068},"_timestamp":1.7740843068373063e+09,"_step":2977,"step_avg_ms":1209.5468356006793,"val_bpb":1.3088197789565401,"train_loss":2.1480281352996826,"lr_scale":1,"val_loss":2.209887372535753}