{"step_avg_ms":680.5977293880683,"total_steps":1764,"_wandb":{"runtime":1436},"train_loss":2.3677420616149902,"final_val_bpb":1.3724270004603731,"_step":1764,"val_loss":2.317285501646753,"avg_ms_per_step":680.6,"lr_scale":0.010388159582954706,"final_val_loss":2.317285501646753,"val_bpb":1.3724270004603731,"compressed_size_mb":10.21,"final_val_bpb_int8":1.3751698592912984,"_timestamp":1.7743694206174667e+09,"_runtime":1436.057904972}