{"_step":3604,"_runtime":2204.511431382,"val_loss":2.429221512052314,"val_bpb":1.4387218108733473,"lr_scale":1,"_wandb":{"runtime":2204},"step_avg_ms":555.0202865980544,"train_loss":2.3898611068725586,"_timestamp":1.7740559144110892e+09}