{"_runtime":4094.577008158,"_timestamp":1.7740706659215932e+09,"_step":2833,"val_bpb":1.3423183681276047,"step_avg_ms":1270.8706635961178,"lr_scale":1,"train_loss":2.317338228225708,"val_loss":2.2664483371522244,"_wandb":{"runtime":4094}}