{"val_loss":2.519437692192457,"_step":6120,"train_loss":2.5460410118103027,"lr_scale":1,"_wandb":{"runtime":3215},"val_bpb":1.4921529143842185,"step_avg_ms":493.88317401667183,"_runtime":3215.977535409,"_timestamp":1.7741053765774765e+09}