{"train_loss":2.2457082271575928,"val_loss":2.24830231196089,"_step":1882,"compressed_size_mb":19.49,"_wandb":{"runtime":2931},"total_steps":1882,"final_val_bpb":1.3315712698930868,"_timestamp":1.7743944404461937e+09,"_runtime":2931.225995175,"avg_ms_per_step":1328.82,"val_bpb":1.3315712698930868,"lr_scale":0.005915516773736115,"step_avg_ms":1328.8195391510637,"final_val_bpb_int8":1.334505576385046,"final_val_loss":2.24830231196089}