{"_runtime":2936.548946476,"lr_scale":0.020618554545685088,"final_val_bpb_int8":1.324159194106935,"total_steps":1648,"_step":1648,"final_val_loss":2.231941323411967,"val_bpb":1.3218813709044608,"step_avg_ms":1517.6825931579272,"_wandb":{"runtime":2936},"train_loss":2.4316697120666504,"_timestamp":1.7743914808305192e+09,"avg_ms_per_step":1517.68,"final_val_bpb":1.3218813709044608,"val_loss":2.231941323411967,"compressed_size_mb":16.88}