{"final_val_bpb_int8":1.3831300734568326,"final_val_bpb":1.381178351990042,"lr_scale":0.023010823091327702,"avg_ms_per_step":931.53,"_timestamp":1.7742848430062232e+09,"val_loss":2.332061792125382,"final_val_loss":2.332061792125382,"compressed_size_mb":9.79,"_wandb":{"runtime":1427},"total_steps":1289,"step_avg_ms":931.5197299492183,"_runtime":1427.998021975,"val_bpb":1.381178351990042,"train_loss":2.3046271800994873,"_step":1289}