{"val_loss":6.941206864519614,"_timestamp":1.7742858126325023e+09,"train_loss":2.648693323135376,"_wandb":{"runtime":713},"_step":640,"val_bpb":4.110973684458754,"step_avg_ms":810.5567572625034,"_runtime":713.842899743,"lr_scale":1}