{"_timestamp":1.7740514458792543e+09,"val_bpb":1.3481025588099207,"lr_scale":1,"val_loss":2.2762147008294145,"train_loss":2.3461103439331055,"_step":2301,"step_avg_ms":869.2986947160882,"_wandb":{"runtime":2295},"_runtime":2295.823453268}