{"_runtime":1448.213352776,"_timestamp":1.7742872754991965e+09,"step_avg_ms":716.8688369215591,"train_loss":2.3153131008148193,"_step":1674,"total_steps":1674,"val_loss":2.33209984601843,"compressed_size_mb":12.21,"final_val_bpb":1.3812008896489771,"_wandb":{"runtime":1448},"final_val_bpb_int8":1.3836986458897982,"final_val_loss":2.33209984601843,"val_bpb":1.3812008896489771,"avg_ms_per_step":716.87,"lr_scale":0.012352991068522256}