{"final_val_bpb_int8":1.4863794525009149,"_step":3357,"final_val_loss":2.499424802715343,"val_loss":2.499424802715343,"compressed_size_mb":2.06,"_timestamp":1.7740415139427361e+09,"step_avg_ms":595.9357216259714,"_wandb":{"runtime":2785},"final_val_bpb_ttt":1.4504544228838763,"avg_ms_per_step":595.94,"train_loss":2.4138832092285156,"total_steps":3357,"val_bpb":1.480300153964278,"lr_scale":0.005335488426165904,"final_val_bpb":1.480300153964278,"_runtime":2785.649071554}