{"_runtime":1483.864972546,"_timestamp":1.774281072066779e+09,"_step":1493,"step_avg_ms":803.990530079196,"lr_scale":0.008880222826867505,"val_bpb":1.5056027764491808,"val_loss":2.5421472208973217,"train_loss":2.612361192703247,"_wandb":{"runtime":1483}}