{"_wandb":{"runtime":1641},"val_bpb":1.3922457909080077,"final_val_bpb_int8":1.3957672366655713,"total_steps":758,"avg_ms_per_step":1584.06,"final_val_loss":2.3507486991421924,"_runtime":1641.709927665,"lr_scale":0.02126513225510273,"final_val_bpb":1.3922457909080077,"step_avg_ms":1584.1348964479985,"_step":758,"compressed_size_mb":22.74,"val_loss":2.3507486991421924,"train_loss":2.308159351348877,"_timestamp":1.7743861644499955e+09}