{"_wandb":{"runtime":1562},"val_loss":NaN,"val_bpb":NaN,"_runtime":1562.176215931,"lr_scale":0.0025941777553909707,"step_avg_ms":999.9641846283323,"train_loss":NaN,"avg_ms_per_step":999.96,"_step":1201,"total_steps":1201,"compressed_size_mb":0.14,"_timestamp":1.7743709962901103e+09}