{"_step":5226,"compressed_size_mb":10.19,"train_loss":2.2363977432250977,"final_val_bpb_ttt":1.2968875572759575,"final_val_loss":2.2386648380887064,"total_steps":5226,"_runtime":4604.561908556,"val_loss":2.2386648380887064,"_wandb":{"runtime":4604},"step_avg_ms":688.9894349869742,"final_val_bpb_int8":1.332096802454328,"val_bpb":1.3258634150133077,"lr_scale":1,"final_val_bpb":1.3258634150133077,"_timestamp":1.774074744833039e+09,"avg_ms_per_step":689.02}