{"_step":1204,"_wandb":{"runtime":1429},"lr_scale":0.0116842030942103,"final_val_bpb_int8":1.4012656643641437,"train_loss":2.4211721420288086,"avg_ms_per_step":996.93,"final_val_bpb":1.3989435497352865,"final_val_loss":2.362057584364338,"_runtime":1429.748048542,"val_loss":2.362057584364338,"val_bpb":1.3989435497352865,"step_avg_ms":996.9450162941665,"total_steps":1204,"compressed_size_mb":15.57,"_timestamp":1.7743844799085946e+09}