{"train_loss":2.2173328399658203,"val_bpb":1.3025195988318248,"final_val_bpb":1.3025195988318248,"_step":3414,"lr_scale":1,"total_steps":3414,"final_val_loss":2.199249782298991,"avg_ms_per_step":1054.85,"compressed_size_mb":18.57,"val_loss":2.199249782298991,"_wandb":{"runtime":4812},"_timestamp":1.7740883611796308e+09,"step_avg_ms":1054.7492694137843,"final_val_bpb_int8":1.3080511267168091,"_runtime":4812.228388122,"final_val_bpb_ttt":1.2746487756435996}