{"final_val_bpb_int8":1.3397258561823033,"train_loss":2.1512246131896973,"val_bpb":1.3348192062542272,"final_val_bpb":1.3348192062542272,"_step":3452,"step_avg_ms":579.4041934098557,"final_val_bpb_ttt":1.3051939280270208,"compressed_size_mb":8.51,"_timestamp":1.7740467456192455e+09,"val_loss":2.2537863164561505,"total_steps":3452,"_wandb":{"runtime":2748},"final_val_loss":2.2537863164561505,"lr_scale":0.0020818692626691903,"avg_ms_per_step":579.46,"_runtime":2748.181707544}