{"val_loss":2.4651011738794795,"_timestamp":1.7742691410648313e+09,"step_avg_ms":637.382626048882,"lr_scale":0.011897903869442956,"train_loss":2.3964433670043945,"_step":3138,"_wandb":{"runtime":2262},"_runtime":2262.308396029,"val_bpb":1.4599717676110888}