{"train_loss":2.450733184814453,"_runtime":2222.357782576,"val_loss":2.3720741821727294,"step_avg_ms":767.2909640580725,"lr_scale":1,"val_bpb":1.4048759431651074,"_step":2607,"_timestamp":1.774053688003381e+09,"_wandb":{"runtime":2222}}