{"step_avg_ms":657.763830071978,"total_steps":1825,"_runtime":1453.635671093,"final_val_loss":2.511701504016801,"compressed_size_mb":4.18,"val_bpb":1.4875711079881713,"_timestamp":1.7743677215377195e+09,"_step":1825,"_wandb":{"runtime":1453},"final_val_bpb_int8":1.4910668485954097,"lr_scale":0.013405738796542605,"avg_ms_per_step":657.76,"final_val_bpb":1.4875711079881713,"train_loss":2.491903781890869,"val_loss":2.511701504016801}