{"train_loss":2.2523488998413086,"_runtime":4803.716969748,"_wandb":{"runtime":4803},"final_val_bpb_int8":1.3573436977007858,"val_loss":2.2822854672487876,"step_avg_ms":844.1655751352068,"_timestamp":1.7740793924136925e+09,"compressed_size_mb":8.56,"_step":4265,"total_steps":4265,"final_val_bpb":1.3516980086332226,"avg_ms_per_step":844.2,"lr_scale":1,"val_bpb":1.3516980086332226,"final_val_loss":2.2822854672487876,"final_val_bpb_ttt":1.322846293788177}